{
		"firstName":"Alex",
		"lastName":"Mathew",
		"address":"A302, West Hills, California, CA, USA",
		"orders":[
			{
				"id":123456,
				"orderDate":"2018-05-31T18:30:00.000Z",
				"items":[
					{ "id":1, "name":"Apple", "price":125.00, "quantity":5},
					{ "id":2, "name":"Orange", "price":80.00, "quantity":15},
					{ "id":3, "name":"Mango", "price":100.00, "quantity":25},
					{ "id":4, "name":"Watermelon", "price":40.00, "quantity":8}
				]
			},
			{
				"id":123457,
				"orderDate":"2018-05-28T18:30:00.000Z",
				"items":[
					{ "id":12, "name":"Book", "price":15.00, "quantity":25},
					{ "id":15, "name":"Paper", "price":1.00, "quantity":100},
					{ "id":23, "name":"Pencil", "price":5.00, "quantity":5},
					{ "id":43, "name":"Chalk", "price":3.00, "quantity":10}
				]
			}
		]
	}